xmodel,com_lightbox 
xmodel,me_plastic_crate8
xmodel,me_plastic_crate7
xmodel,me_plastic_crate6
xmodel,me_plastic_crate5
xmodel,me_plastic_crate4
xmodel,me_plastic_crate3
xmodel,me_plastic_crate2
xmodel,me_plastic_crate1
xmodel,com_telephone_wall
xmodel,com_telephone_desk
xmodel,com_computer_mouse
xmodel,com_computer_keyboard
xmodel,com_barrel_shard5
xmodel,com_barrel_shard4
xmodel,com_barrel_shard3
xmodel,com_barrel_shard2
xmodel,com_barrel_shard1
xmodel,com_bottle4
xmodel,com_bottle3
xmodel,com_bottle2
xmodel,com_bottle1
xmodel,ch_rubble_woodplank01
xmodel,ch_rubble_particleboard01
xmodel,ch_rubble_notebook01
xmodel,ch_rubble_chunk02
xmodel,ch_rubble_chunk01
xmodel,ch_rubble_broken_pool_tile
xmodel,ch_rubble_bible01
xmodel,ch_rubble_brick01
xmodel,ch_rubble_anglemetal01
xmodel,bog_b_cinderblock_clutter_04
xmodel,bog_b_cinderblock_clutter_03
xmodel,bog_b_cinderblock_clutter_02
xmodel,bog_b_cinderblock_clutter
xmodel,bog_b_block_01
xmodel,com_red_toolbox
xmodel,com_soup_can
xmodel,com_paintcan
xmodel,com_junktire2
xmodel,com_junktire
xmodel,me_fruit_orange
xmodel,com_transistor_radio
xmodel,com_copypaper_box
xmodel,com_cardboardbox05 
xmodel,icbm_electricpanel3
xmodel,ch_bulletinpaperdecals_1
xmodel,com_vcr_tape_grey
xmodel,com_vcr_tape_brown
xmodel,com_vcr_tape_blue
xmodel,com_vcr 
xmodel,com_widescreen_monitor
xmodel,com_widescreen_monitor_2
xmodel,com_widescreen_monitor_3
xmodel,com_widescreen_monitor_on_1
xmodel,com_widescreen_monitor_on_2
xmodel,com_widescreen_monitor_on_3
xmodel,com_office_book_set1
xmodel,com_office_book_black_open
xmodel,com_office_book_black_standing
xmodel,com_office_book_blue_standing 
xmodel,com_computer_case  
xmodel,com_debris_paper
xmodel,com_folding_chair 
xmodel,com_office_chair_black  
xmodel,com_laptop_open
xmodel,com_propane_tank
xmodel,com_gas_pipes02
xmodel,com_gas_pipes01 
xmodel,me_plastic_crate9
xmodel,me_plastic_crate8
xmodel,me_plastic_crate7
xmodel,me_plastic_crate6
xmodel,me_plastic_crate5
xmodel,me_plastic_crate4
xmodel,me_plastic_crate3
xmodel,me_plastic_crate2
xmodel,me_plastic_crate10
xmodel,me_plastic_crate1
xmodel,foliage_bush_big_mp
xmodel,com_trashcan_metallid
xmodel,com_tin_square_tall02
xmodel,com_tin_square_tall01
xmodel,com_tin_square_small
xmodel,com_tin_round_flat
xmodel,com_tin_rectangular_tall
xmodel,com_tin_rectangular_flat03
xmodel,com_tin_rectangular_flat02
xmodel,com_tin_rectangular_flat01
xmodel,com_tin_oval_tall
xmodel,com_tin_oval_flat
xmodel,com_soup_can
xmodel,com_propane_tank
xmodel,com_plastic_bucket
xmodel,com_paintcan
xmodel,com_milk_carton
xmodel,com_junktire2
xmodel,com_junktire
xmodel,com_hub_cap_4
xmodel,com_hub_cap_3
xmodel,com_hub_cap_2
xmodel,com_hub_cap_1
xmodel,com_gas_pipes02
xmodel,com_gas_pipes01
xmodel,com_debris_paper
xmodel,com_copypaper_package3
xmodel,com_copypaper_package1
xmodel,com_copypaper_package2
xmodel,com_copypaper_box_open
xmodel,com_copypaper_box
xmodel,com_copypaper_box_lid
xmodel,com_clipboard_wpaper_obj
xmodel,com_clipboard_wpaper
xmodel,com_clipboard
xmodel,com_cardboardbox_decal
xmodel,com_cardboardboxshortopen_3
xmodel,com_cardboardboxshortopen_2
xmodel,com_cardboardboxshortopen_1
xmodel,com_cardboardboxshortclosed_2
xmodel,com_cardboardboxshortclosed_1
xmodel,com_cardboardbox06
xmodel,com_cardboardbox05
xmodel,com_cardboardbox04
xmodel,com_cardboardbox03
xmodel,com_cardboardbox02
xmodel,com_cardboardbox01
xmodel,com_bottle4
xmodel,com_bottle3
xmodel,com_bottle2
xmodel,com_bottle1
xmodel,com_barrel_shard5
xmodel,com_barrel_shard4
xmodel,com_barrel_shard3
xmodel,com_barrel_shard2
xmodel,com_barrel_shard1
xmodel,com_barrel_piece2
xmodel,com_barrel_piece
xmodel,ch_rubble_woodplank01
xmodel,ch_rubble_particleboard01
xmodel,ch_rubble_notebook01
xmodel,ch_rubble_chunk02
xmodel,ch_rubble_chunk01
xmodel,ch_rubble_broken_pool_tile
xmodel,ch_rubble_bible01
xmodel,ch_rubble_brick01
xmodel,ch_rubble_anglemetal01
xmodel,ch_bulletinpaperdecals_4
xmodel,ch_bulletinpaperdecals_3
xmodel,ch_bulletinpaperdecals_2
xmodel,ch_bulletinpaperdecals_1
xmodel,bog_b_cinderblock_clutter_04
xmodel,bog_b_cinderblock_clutter_03
xmodel,bog_b_cinderblock_clutter_02
xmodel,bog_b_cinderblock_clutter
xmodel,bog_b_block_01
xmodel,com_cash_register
xmodel,com_red_toolbox
xmodel,me_banana_box2
xmodel,me_banana_box1
xmodel,me_picture9
xmodel,me_picture8
xmodel,me_picture7
xmodel,me_picture6
xmodel,me_picture5
xmodel,me_picture3
xmodel,me_picture4
xmodel,me_picture24
xmodel,me_picture23
xmodel,me_picture22
xmodel,me_picture20
xmodel,me_picture21
xmodel,me_picture2
xmodel,me_picture19
xmodel,me_picture18
xmodel,me_picture17
xmodel,me_picture16
xmodel,me_picture15
xmodel,me_picture14
xmodel,me_picture13
xmodel,me_picture12
xmodel,me_picture11
xmodel,me_picture10
xmodel,me_picture1
xmodel,me_mosque_tower02
xmodel,me_mosque_tower01
xmodel,facade_lowres_building_10
xmodel,facade_lowres_building_09
xmodel,facade_lowres_building_08
xmodel,facade_lowres_building_07
xmodel,facade_lowres_building_06
xmodel,facade_lowres_building_05
xmodel,facade_lowres_building_04
xmodel,facade_lowres_building_03
xmodel,facade_lowres_building_02
xmodel,facade_lowres_building_01
xmodel,facade_building_03_d
xmodel,facade_building_03_ch
xmodel,facade_building_03
xmodel,facade_building_02_d
xmodel,facade_building_02_ch
xmodel,facade_building_02
xmodel,facade_building_01_d
xmodel,facade_building_01_ch
xmodel,facade_building_01
xmodel,bog_b_cinderblock_clutter_04
xmodel,bog_b_cinderblock_clutter_03
xmodel,bog_b_cinderblock_clutter_02
xmodel,bog_b_cinderblock_clutter
xmodel,bog_b_block_01
xmodel,com_junktire2
xmodel,com_junktire
xmodel,com_clipboard_wpaper
xmodel,com_cash_register
xmodel,me_stone_block03
xmodel,me_stone_block02
xmodel,me_stone_block01
xmodel,me_plastic_crate9
xmodel,me_plastic_crate8
xmodel,me_plastic_crate7
xmodel,me_plastic_crate2
xmodel,me_plastic_crate10
xmodel,me_plastic_crate1
xmodel,me_fruit_watermelon_round
xmodel,me_fruit_watermelon_oblong
xmodel,bog_b_cinderblock_clutter_04
xmodel,bog_b_cinderblock_clutter_03
xmodel,bog_b_cinderblock_clutter_02
xmodel,bog_b_cinderblock_clutter
xmodel,bog_b_block_01
xmodel,com_bottle3
xmodel,com_bottle2
xmodel,com_bottle1
xmodel,ch_rubble_woodplank01
xmodel,ch_rubble_particleboard01
xmodel,ch_rubble_notebook01
xmodel,ch_rubble_chunk02
xmodel,ch_rubble_chunk01
xmodel,ch_rubble_broken_pool_tile
xmodel,ch_rubble_bible01
xmodel,ch_rubble_brick01
xmodel,ch_rubble_anglemetal01
xmodel,com_red_toolbox
xmodel,com_paintcan
xmodel,com_milk_carton
xmodel,com_junktire
xmodel,com_soup_can
xmodel,me_plastic_crate9
xmodel,me_plastic_crate8
xmodel,me_plastic_crate7
xmodel,me_plastic_crate6
xmodel,me_plastic_crate5
xmodel,me_plastic_crate4
xmodel,me_plastic_crate3
xmodel,me_plastic_crate2
xmodel,me_plastic_crate10
xmodel,me_plastic_crate1
xmodel,com_cash_register
xmodel,me_stone_block03
xmodel,me_stone_block02
xmodel,me_stone_block01
xmodel,bog_b_cinderblock_clutter_04
xmodel,bog_b_cinderblock_clutter_03
xmodel,bog_b_cinderblock_clutter_02
xmodel,bog_b_cinderblock_clutter
xmodel,bog_b_block_01
xmodel,com_bottle4
xmodel,com_bottle3
xmodel,com_bottle2
xmodel,com_bottle1
xmodel,ch_rubble_woodplank01
xmodel,ch_rubble_particleboard01
xmodel,ch_rubble_notebook01
xmodel,ch_rubble_chunk02
xmodel,ch_rubble_chunk01
xmodel,ch_rubble_broken_pool_tile
xmodel,ch_rubble_bible01
xmodel,ch_rubble_brick01
xmodel,ch_rubble_anglemetal01
xmodel,com_barrel_shard5
xmodel,com_barrel_shard4
xmodel,com_barrel_shard3
xmodel,com_barrel_shard2
xmodel,com_barrel_shard1
xmodel,foliage_bush_big_mp
xmodel,com_red_toolbox
xmodel,com_paintcan
xmodel,com_milk_carton
xmodel,com_junktire
xmodel,com_junktire2
xmodel,com_soup_can
xmodel,com_propane_tank
xmodel,com_plastic_bucket
xmodel,com_gas_pipes02
xmodel,com_gas_pipes01
xmodel,me_satellitedish
xmodel,com_cardboardboxshortclosed_2
xmodel,me_picture9
xmodel,me_picture8
xmodel,me_picture7
xmodel,me_picture6
xmodel,me_picture5
xmodel,me_picture3
xmodel,me_picture4
xmodel,me_picture24
xmodel,me_picture23
xmodel,me_picture22
xmodel,me_picture20
xmodel,me_picture21
xmodel,me_picture2
xmodel,me_picture19
xmodel,me_picture18
xmodel,me_picture17
xmodel,me_picture16
xmodel,me_picture15
xmodel,me_picture14
xmodel,me_picture13
xmodel,me_picture12
xmodel,me_picture11
xmodel,me_picture10
xmodel,me_picture1 
xmodel,ch_street_wall_light_01_on 
xmodel,com_floodlight 
xmodel,com_flashlight_off 
xmodel,com_lightbox 
xmodel,com_utility_light_off
xmodel,com_paintcan
xmodel,com_milk_carton
xmodel,com_bottle4
xmodel,com_bottle3
xmodel,com_bottle2
xmodel,com_bottle1
xmodel,com_barrel_shard5
xmodel,com_barrel_shard4
xmodel,com_barrel_shard3
xmodel,com_barrel_shard2
xmodel,com_barrel_shard1
xmodel,com_junktire
xmodel,com_soup_can
xmodel,bog_b_cinderblock_clutter_04
xmodel,bog_b_cinderblock_clutter_03
xmodel,bog_b_cinderblock_clutter_02
xmodel,bog_b_cinderblock_clutter
xmodel,bog_b_block_01
xmodel,com_junktire2
xmodel,me_plastic_crate4
xmodel,me_plastic_crate3
xmodel,me_plastic_crate2
xmodel,me_plastic_crate1
xmodel,me_box_citrusfruitopenshort_1 
xmodel,me_box_citrusfruitopenshort_2
xmodel,me_fruit_orange
xmodel,com_trashbag2_green
xmodel,me_antenna
xmodel,me_plastic_crate9
xmodel,me_plastic_crate8
xmodel,me_plastic_crate7
xmodel,me_plastic_crate6
xmodel,me_plastic_crate5
xmodel,me_plastic_crate4
xmodel,me_plastic_crate3
xmodel,me_plastic_crate2
xmodel,me_plastic_crate10
xmodel,me_plastic_crate1
xmodel,com_trashcan_metallid
xmodel,com_tin_square_tall02
xmodel,com_tin_square_tall01
xmodel,com_tin_square_small
xmodel,com_tin_round_flat
xmodel,com_tin_rectangular_tall
xmodel,com_tin_rectangular_flat03
xmodel,com_tin_rectangular_flat02
xmodel,com_tin_rectangular_flat01
xmodel,com_tin_oval_tall
xmodel,com_tin_oval_flat
xmodel,com_soup_can
xmodel,com_plastic_bucket
xmodel,com_paintcan
xmodel,com_milk_carton
xmodel,com_junktire2
xmodel,com_junktire
xmodel,com_copypaper_box_open
xmodel,com_copypaper_box
xmodel,com_copypaper_box_lid
xmodel,com_cardboardbox_decal
xmodel,com_cardboardboxshortopen_3
xmodel,com_cardboardboxshortopen_2
xmodel,com_cardboardboxshortopen_1
xmodel,com_cardboardboxshortclosed_2
xmodel,com_cardboardboxshortclosed_1
xmodel,com_cardboardbox06
xmodel,com_cardboardbox05
xmodel,com_cardboardbox04
xmodel,com_cardboardbox03
xmodel,com_cardboardbox02
xmodel,com_cardboardbox01
xmodel,com_bottle4
xmodel,com_bottle3
xmodel,com_bottle2
xmodel,com_bottle1
xmodel,com_barrel_shard5
xmodel,com_barrel_shard4
xmodel,com_barrel_shard3
xmodel,com_barrel_shard2
xmodel,com_barrel_shard1
xmodel,com_barrel_piece2
xmodel,com_barrel_piece
xmodel,ch_rubble_woodplank01
xmodel,ch_rubble_particleboard01
xmodel,ch_rubble_notebook01
xmodel,ch_rubble_chunk02
xmodel,ch_rubble_chunk01
xmodel,ch_rubble_broken_pool_tile
xmodel,ch_rubble_bible01
xmodel,ch_rubble_brick01
xmodel,ch_rubble_anglemetal01
xmodel,bog_b_cinderblock_clutter_04
xmodel,bog_b_cinderblock_clutter_03
xmodel,bog_b_cinderblock_clutter_02
xmodel,bog_b_cinderblock_clutter
xmodel,bog_b_block_01
xmodel,com_red_toolbox
xmodel,com_vcr_tape_grey
xmodel,com_vcr_tape_brown
xmodel,com_vcr_tape_blue
xmodel,com_hub_cap_4
xmodel,com_hub_cap_3
xmodel,com_hub_cap_2
xmodel,com_hub_cap_1